timestamp,input,output
2026-03-20 13:55:35,"아픈 느낌을 써오시오
","친구, 이건 교수님의 과제 공지문이라기보다는 아주 짧은 지시사항 같아요! 정확한 과제 내용을 분석해서 실행 계획을 세우려면 마감일, 제출 형식, 분량 등이 포함된 교수님의 공지문 전문이 꼭 필요해요. 지금 정보로는 아래처럼밖에 정리할 수 없으니, 꼭 원본 공지문을 다시 확인해봐야 할 것 같아요!

### 📌 과제 요약
- **과제명:** 아픈 느낌을 써오시오
- **마감일:** 공지 확인 필요
- **제출 형식:** 공지 확인 필요
- **분량:** 공지 확인 필요

### ✅ 해야 할 일 (우선순위 순)
1. **가장 먼저 교수님의 정확한 과제 공지문을 확인해서 마감일, 제출 형식, 분량, 그리고 '아픈 느낌'이 어떤 종류의 아픔(신체적, 정신적, 비유적 등)을 의미하는지, 어떤 형식(수필, 시, 단편 등)으로 작성해야 하는지 등 상세 지침을 파악해야 해요.**
2. 공지문 확인 후, 과제의 의도를 파악하고 '아픈 느낌'에 대한 아이디어를 브레인스토밍 해봐요.
3. 글의 구성(서론-본론-결론 또는 자유로운 형식)을 정하고 초안을 작성해요."
2026-03-20 14:00:34,"교수님이 올리 ㄴ공지
","앗! 교수님 공지 내용이 비어있어요! 😅

교수님의 과제 공지문을 여기에 붙여넣어 주시면 제가 꼼꼼하게 분석해서 바로 실행할 수 있는 형태로 정리해 드릴게요!

지금은 공지 내용이 없어서 아래 양식을 채울 수가 없네요. 공지 내용을 알려주시면 다시 도와드릴게요! 😊"
